timestep,round_num,state,action,score,message,chain_id,chain_pos
0.0,0,"[Tool(name='vial', emoji='ğŸ§ª', tool=True), Tool(name='filter', emoji='ğŸ§«', tool=True), CombinedItem(name='Poorly-filtered Mandrake & Sap Blend', emoji='ğŸ§«ğŸ§ªğŸŒ±', value=10, features={}, description='', tool=False, ingredients=[Ingredient(name='poorly-filtered mandrake root extract', emoji='ğŸ§«ğŸ§ªğŸŒ±', value=0, features={'state_of_matter': 'liquid', 'magical': True, 'filtering': 'botched', 'extraction': 'extracted'}, description='', tool=False), Ingredient(name='poorly-filtered tree sap extract with failed extraction', emoji='ğŸ§«ğŸ§ªğŸŒ³', value=0, features={'state_of_matter': 'liquid', 'magical': False, 'filtering': 'botched', 'extraction': 'botched'}, description='', tool=False)]), CombinedItem(name='Unicorn-infused dandelion extract', emoji='ğŸ§ªğŸŒ¼ğŸ¦„', value=100, features={}, description='', tool=False, ingredients=[Ingredient(name='dandelion extract', emoji='ğŸ§ªğŸŒ¼', value=0, features={'state_of_matter': 'liquid', 'magical': False, 'filtering': None, 'extraction': 'extracted'}, description='', tool=False), Ingredient(name='unicorn horn extract', emoji='ğŸ§ªğŸ¦„', value=0, features={'state_of_matter': 'liquid', 'magical': True, 'filtering': None, 'extraction': 'extracted'}, description='', tool=False)])]","{
    ""reasoning"": ""I need to learn how items combine. I will try combining a solid, magical item with a liquid, mundane item to see the resulting features and value."",
    ""action"": [
        ""mandrake root"",
        ""tree sap""
    ]
}",0.0,,0,0
1.0,0,"[Tool(name='vial', emoji='ğŸ§ª', tool=True), Tool(name='filter', emoji='ğŸ§«', tool=True), CombinedItem(name='Poorly-filtered Mandrake & Sap Blend', emoji='ğŸ§«ğŸ§ªğŸŒ±', value=10, features={}, description='', tool=False, ingredients=[Ingredient(name='poorly-filtered mandrake root extract', emoji='ğŸ§«ğŸ§ªğŸŒ±', value=0, features={'state_of_matter': 'liquid', 'magical': True, 'filtering': 'botched', 'extraction': 'extracted'}, description='', tool=False), Ingredient(name='poorly-filtered tree sap extract with failed extraction', emoji='ğŸ§«ğŸ§ªğŸŒ³', value=0, features={'state_of_matter': 'liquid', 'magical': False, 'filtering': 'botched', 'extraction': 'botched'}, description='', tool=False)]), CombinedItem(name='Unicorn-infused dandelion extract', emoji='ğŸ§ªğŸŒ¼ğŸ¦„', value=100, features={}, description='', tool=False, ingredients=[Ingredient(name='dandelion extract', emoji='ğŸ§ªğŸŒ¼', value=0, features={'state_of_matter': 'liquid', 'magical': False, 'filtering': None, 'extraction': 'extracted'}, description='', tool=False), Ingredient(name='unicorn horn extract', emoji='ğŸ§ªğŸ¦„', value=0, features={'state_of_matter': 'liquid', 'magical': True, 'filtering': None, 'extraction': 'extracted'}, description='', tool=False)])]","{
    ""reasoning"": ""Combining a magical solid with a mundane liquid resulted in a negative value. I will try combining two solid ingredients, one mundane and one magical, to observe a different combination rule and value outcome."",
    ""action"": [
        ""dandelion"",
        ""unicorn horn""
    ]
}",0.0,,0,0
2.0,0,"[Tool(name='vial', emoji='ğŸ§ª', tool=True), Tool(name='filter', emoji='ğŸ§«', tool=True), CombinedItem(name='Poorly-filtered Mandrake & Sap Blend', emoji='ğŸ§«ğŸ§ªğŸŒ±', value=10, features={}, description='', tool=False, ingredients=[Ingredient(name='poorly-filtered mandrake root extract', emoji='ğŸ§«ğŸ§ªğŸŒ±', value=0, features={'state_of_matter': 'liquid', 'magical': True, 'filtering': 'botched', 'extraction': 'extracted'}, description='', tool=False), Ingredient(name='poorly-filtered tree sap extract with failed extraction', emoji='ğŸ§«ğŸ§ªğŸŒ³', value=0, features={'state_of_matter': 'liquid', 'magical': False, 'filtering': 'botched', 'extraction': 'botched'}, description='', tool=False)]), CombinedItem(name='Unicorn-infused dandelion extract', emoji='ğŸ§ªğŸŒ¼ğŸ¦„', value=100, features={}, description='', tool=False, ingredients=[Ingredient(name='dandelion extract', emoji='ğŸ§ªğŸŒ¼', value=0, features={'state_of_matter': 'liquid', 'magical': False, 'filtering': None, 'extraction': 'extracted'}, description='', tool=False), Ingredient(name='unicorn horn extract', emoji='ğŸ§ªğŸ¦„', value=0, features={'state_of_matter': 'liquid', 'magical': True, 'filtering': None, 'extraction': 'extracted'}, description='', tool=False)])]","{
    ""reasoning"": ""Both previous combinations resulted in negative value, suggesting that combining items with disparate features is not beneficial. I will now try using a tool to modify one of the existing combined items, hoping to improve its value or features. I will start with the 'vial' tool on the 'Mandrake Root Sap Blend' as a liquid blend might be suitable for a vial."",
    ""action"": [
        ""vial"",
        ""Mandrake Root Sap Blend""
    ]
}",0.0,,0,0
3.0,0,"[Tool(name='vial', emoji='ğŸ§ª', tool=True), Tool(name='filter', emoji='ğŸ§«', tool=True), CombinedItem(name='Poorly-filtered Mandrake & Sap Blend', emoji='ğŸ§«ğŸ§ªğŸŒ±', value=10, features={}, description='', tool=False, ingredients=[Ingredient(name='poorly-filtered mandrake root extract', emoji='ğŸ§«ğŸ§ªğŸŒ±', value=0, features={'state_of_matter': 'liquid', 'magical': True, 'filtering': 'botched', 'extraction': 'extracted'}, description='', tool=False), Ingredient(name='poorly-filtered tree sap extract with failed extraction', emoji='ğŸ§«ğŸ§ªğŸŒ³', value=0, features={'state_of_matter': 'liquid', 'magical': False, 'filtering': 'botched', 'extraction': 'botched'}, description='', tool=False)]), CombinedItem(name='Unicorn-infused dandelion extract', emoji='ğŸ§ªğŸŒ¼ğŸ¦„', value=100, features={}, description='', tool=False, ingredients=[Ingredient(name='dandelion extract', emoji='ğŸ§ªğŸŒ¼', value=0, features={'state_of_matter': 'liquid', 'magical': False, 'filtering': None, 'extraction': 'extracted'}, description='', tool=False), Ingredient(name='unicorn horn extract', emoji='ğŸ§ªğŸ¦„', value=0, features={'state_of_matter': 'liquid', 'magical': True, 'filtering': None, 'extraction': 'extracted'}, description='', tool=False)])]","{
    ""reasoning"": ""My most valuable item has a 'botched extraction' feature. Using the 'filter' tool seems like a logical step to refine or improve this item, potentially removing the negative feature and increasing its value."",
    ""action"": [
        ""filter"",
        ""Mandrake Root & Tree Sap Extract Blend""
    ]
}",50.0,,0,0
4.0,0,"[Tool(name='vial', emoji='ğŸ§ª', tool=True), Tool(name='filter', emoji='ğŸ§«', tool=True), CombinedItem(name='Poorly-filtered Mandrake & Sap Blend', emoji='ğŸ§«ğŸ§ªğŸŒ±', value=10, features={}, description='', tool=False, ingredients=[Ingredient(name='poorly-filtered mandrake root extract', emoji='ğŸ§«ğŸ§ªğŸŒ±', value=0, features={'state_of_matter': 'liquid', 'magical': True, 'filtering': 'botched', 'extraction': 'extracted'}, description='', tool=False), Ingredient(name='poorly-filtered tree sap extract with failed extraction', emoji='ğŸ§«ğŸ§ªğŸŒ³', value=0, features={'state_of_matter': 'liquid', 'magical': False, 'filtering': 'botched', 'extraction': 'botched'}, description='', tool=False)]), CombinedItem(name='Unicorn-infused dandelion extract', emoji='ğŸ§ªğŸŒ¼ğŸ¦„', value=100, features={}, description='', tool=False, ingredients=[Ingredient(name='dandelion extract', emoji='ğŸ§ªğŸŒ¼', value=0, features={'state_of_matter': 'liquid', 'magical': False, 'filtering': None, 'extraction': 'extracted'}, description='', tool=False), Ingredient(name='unicorn horn extract', emoji='ğŸ§ªğŸ¦„', value=0, features={'state_of_matter': 'liquid', 'magical': True, 'filtering': None, 'extraction': 'extracted'}, description='', tool=False)])]","{
    ""reasoning"": ""The 'filter' tool did not improve the item, and my current best item still has 'botched' features. I will try using the 'vial' tool on the other combined item, 'Unicorn Horned Dandelion', to see if it can extract something valuable from a solid combination."",
    ""action"": [
        ""vial"",
        ""Unicorn Horned Dandelion""
    ]
}",10.0,,0,0
5.0,0,"[Tool(name='vial', emoji='ğŸ§ª', tool=True), Tool(name='filter', emoji='ğŸ§«', tool=True), CombinedItem(name='Poorly-filtered Mandrake & Sap Blend', emoji='ğŸ§«ğŸ§ªğŸŒ±', value=10, features={}, description='', tool=False, ingredients=[Ingredient(name='poorly-filtered mandrake root extract', emoji='ğŸ§«ğŸ§ªğŸŒ±', value=0, features={'state_of_matter': 'liquid', 'magical': True, 'filtering': 'botched', 'extraction': 'extracted'}, description='', tool=False), Ingredient(name='poorly-filtered tree sap extract with failed extraction', emoji='ğŸ§«ğŸ§ªğŸŒ³', value=0, features={'state_of_matter': 'liquid', 'magical': False, 'filtering': 'botched', 'extraction': 'botched'}, description='', tool=False)]), CombinedItem(name='Unicorn-infused dandelion extract', emoji='ğŸ§ªğŸŒ¼ğŸ¦„', value=100, features={}, description='', tool=False, ingredients=[Ingredient(name='dandelion extract', emoji='ğŸ§ªğŸŒ¼', value=0, features={'state_of_matter': 'liquid', 'magical': False, 'filtering': None, 'extraction': 'extracted'}, description='', tool=False), Ingredient(name='unicorn horn extract', emoji='ğŸ§ªğŸ¦„', value=0, features={'state_of_matter': 'liquid', 'magical': True, 'filtering': None, 'extraction': 'extracted'}, description='', tool=False)])]","{
    ""reasoning"": ""I have successfully crafted an item with a value of 100, which is the maximum possible score. It is time to submit."",
    ""action"": ""submit""
}",100.0,,0,0
0.0,1,"[Tool(name='vial', emoji='ğŸ§ª', tool=True), Tool(name='filter', emoji='ğŸ§«', tool=True), Ingredient(name='volcanic fumes', emoji='ğŸŒ‹', value=0, features={'state_of_matter': 'gas', 'magical': False, 'filtering': None, 'extraction': None}, description='gas, mundane', tool=False), Ingredient(name='kraken ink', emoji='ğŸ¦‘', value=0, features={'state_of_matter': 'liquid', 'magical': True, 'filtering': None, 'extraction': None}, description='liquid, magical', tool=False), CombinedItem(name='Solar Frog Extract', emoji='â˜€ï¸ğŸ¸', value=100, features={}, description='', tool=False, ingredients=[Ingredient(name='Sunstone Extract', emoji='â˜€ï¸ğŸ§ª', value=0, features={'state_of_matter': 'liquid', 'magical': True, 'filtering': None, 'extraction': 'extracted'}, description='', tool=False), Ingredient(name='frog leg extract', emoji='ğŸ¸ğŸ§ª', value=0, features={'state_of_matter': 'liquid', 'magical': False, 'filtering': None, 'extraction': 'extracted'}, description='', tool=False)])]","{
    ""reasoning"": ""In the previous round, combining a solid magical item with a solid mundane item, then using the vial tool, resulted in the maximum score. I will try to replicate this by combining 'sunstone' (solid, magical) with 'frog leg' (solid, mundane) first."",
    ""action"": [
        ""sunstone"",
        ""frog leg""
    ]
}",0.0,,0,0
1.0,1,"[Tool(name='vial', emoji='ğŸ§ª', tool=True), Tool(name='filter', emoji='ğŸ§«', tool=True), Ingredient(name='volcanic fumes', emoji='ğŸŒ‹', value=0, features={'state_of_matter': 'gas', 'magical': False, 'filtering': None, 'extraction': None}, description='gas, mundane', tool=False), Ingredient(name='kraken ink', emoji='ğŸ¦‘', value=0, features={'state_of_matter': 'liquid', 'magical': True, 'filtering': None, 'extraction': None}, description='liquid, magical', tool=False), CombinedItem(name='Solar Frog Extract', emoji='â˜€ï¸ğŸ¸', value=100, features={}, description='', tool=False, ingredients=[Ingredient(name='Sunstone Extract', emoji='â˜€ï¸ğŸ§ª', value=0, features={'state_of_matter': 'liquid', 'magical': True, 'filtering': None, 'extraction': 'extracted'}, description='', tool=False), Ingredient(name='frog leg extract', emoji='ğŸ¸ğŸ§ª', value=0, features={'state_of_matter': 'liquid', 'magical': False, 'filtering': None, 'extraction': 'extracted'}, description='', tool=False)])]","{
    ""reasoning"": ""Combining 'sunstone' and 'frog leg' resulted in a negative value, similar to the initial combinations in the previous round. I will try using the 'vial' tool on this new combined item, 'Solar Frog Leg', as using the vial on a similar item combination ('Unicorn Horned Dandelion') led to a high value in the last round."",
    ""action"": [
        ""vial"",
        ""Solar Frog Leg""
    ]
}",0.0,,0,0
2.0,1,"[Tool(name='vial', emoji='ğŸ§ª', tool=True), Tool(name='filter', emoji='ğŸ§«', tool=True), Ingredient(name='volcanic fumes', emoji='ğŸŒ‹', value=0, features={'state_of_matter': 'gas', 'magical': False, 'filtering': None, 'extraction': None}, description='gas, mundane', tool=False), Ingredient(name='kraken ink', emoji='ğŸ¦‘', value=0, features={'state_of_matter': 'liquid', 'magical': True, 'filtering': None, 'extraction': None}, description='liquid, magical', tool=False), CombinedItem(name='Solar Frog Extract', emoji='â˜€ï¸ğŸ¸', value=100, features={}, description='', tool=False, ingredients=[Ingredient(name='Sunstone Extract', emoji='â˜€ï¸ğŸ§ª', value=0, features={'state_of_matter': 'liquid', 'magical': True, 'filtering': None, 'extraction': 'extracted'}, description='', tool=False), Ingredient(name='frog leg extract', emoji='ğŸ¸ğŸ§ª', value=0, features={'state_of_matter': 'liquid', 'magical': False, 'filtering': None, 'extraction': 'extracted'}, description='', tool=False)])]","{
    ""reasoning"": ""I have successfully crafted an item with a value of 100, which is the maximum possible score. It is time to submit."",
    ""action"": ""submit""
}",100.0,,0,0
0.0,2,"[Tool(name='vial', emoji='ğŸ§ª', tool=True), Tool(name='filter', emoji='ğŸ§«', tool=True), Ingredient(name='tree sap', emoji='ğŸŒ³', value=0, features={'state_of_matter': 'liquid', 'magical': False, 'filtering': None, 'extraction': None}, description='liquid, mundane', tool=False), Ingredient(name='amber', emoji='ğŸŸ ', value=0, features={'state_of_matter': 'solid', 'magical': False, 'filtering': None, 'extraction': None}, description='solid, mundane', tool=False), CombinedItem(name='Mandrakeâ€‘Obsidian Extract', emoji='ğŸ§ªğŸŒ±âš«', value=100, features={}, description='', tool=False, ingredients=[Ingredient(name='Mandrake Root Extract', emoji='ğŸ§ªğŸŒ±', value=0, features={'state_of_matter': 'liquid', 'magical': True, 'filtering': None, 'extraction': 'extracted'}, description='', tool=False), Ingredient(name='obsidian extract', emoji='ğŸ§ªâš«', value=0, features={'state_of_matter': 'liquid', 'magical': False, 'filtering': None, 'extraction': 'extracted'}, description='', tool=False)])]","{
    ""reasoning"": ""Based on previous rounds, combining a solid magical item with a solid mundane item, then applying the 'vial' tool, consistently yielded a score of 100. I will combine 'mandrake root' with 'obsidian' as the first step."",
    ""action"": [
        ""mandrake root"",
        ""obsidian""
    ]
}",0.0,,0,0
1.0,2,"[Tool(name='vial', emoji='ğŸ§ª', tool=True), Tool(name='filter', emoji='ğŸ§«', tool=True), Ingredient(name='tree sap', emoji='ğŸŒ³', value=0, features={'state_of_matter': 'liquid', 'magical': False, 'filtering': None, 'extraction': None}, description='liquid, mundane', tool=False), Ingredient(name='amber', emoji='ğŸŸ ', value=0, features={'state_of_matter': 'solid', 'magical': False, 'filtering': None, 'extraction': None}, description='solid, mundane', tool=False), CombinedItem(name='Mandrakeâ€‘Obsidian Extract', emoji='ğŸ§ªğŸŒ±âš«', value=100, features={}, description='', tool=False, ingredients=[Ingredient(name='Mandrake Root Extract', emoji='ğŸ§ªğŸŒ±', value=0, features={'state_of_matter': 'liquid', 'magical': True, 'filtering': None, 'extraction': 'extracted'}, description='', tool=False), Ingredient(name='obsidian extract', emoji='ğŸ§ªâš«', value=0, features={'state_of_matter': 'liquid', 'magical': False, 'filtering': None, 'extraction': 'extracted'}, description='', tool=False)])]","{
    ""reasoning"": ""The previous step of combining a solid magical and a solid mundane item resulted in a negative value, which is consistent with the pattern observed in prior rounds. The next successful step in the learned strategy is to use the 'vial' tool on this combined item."",
    ""action"": [
        ""vial"",
        ""Mandrakeâ€‘Obsidian Blend""
    ]
}",0.0,,0,0
2.0,2,"[Tool(name='vial', emoji='ğŸ§ª', tool=True), Tool(name='filter', emoji='ğŸ§«', tool=True), Ingredient(name='tree sap', emoji='ğŸŒ³', value=0, features={'state_of_matter': 'liquid', 'magical': False, 'filtering': None, 'extraction': None}, description='liquid, mundane', tool=False), Ingredient(name='amber', emoji='ğŸŸ ', value=0, features={'state_of_matter': 'solid', 'magical': False, 'filtering': None, 'extraction': None}, description='solid, mundane', tool=False), CombinedItem(name='Mandrakeâ€‘Obsidian Extract', emoji='ğŸ§ªğŸŒ±âš«', value=100, features={}, description='', tool=False, ingredients=[Ingredient(name='Mandrake Root Extract', emoji='ğŸ§ªğŸŒ±', value=0, features={'state_of_matter': 'liquid', 'magical': True, 'filtering': None, 'extraction': 'extracted'}, description='', tool=False), Ingredient(name='obsidian extract', emoji='ğŸ§ªâš«', value=0, features={'state_of_matter': 'liquid', 'magical': False, 'filtering': None, 'extraction': 'extracted'}, description='', tool=False)])]","{
    ""reasoning"": ""I have successfully crafted an item with a value of 100, which is the maximum possible score. It is time to submit."",
    ""action"": ""submit""
}",100.0,,0,0
0.0,3,"[Tool(name='vial', emoji='ğŸ§ª', tool=True), Tool(name='filter', emoji='ğŸ§«', tool=True), CombinedItem(name='Poorly-filtered Kraken Honey Elixir with Failed Extraction', emoji='ğŸ§«ğŸ¦‘ğŸ¯', value=-40, features={}, description='', tool=False, ingredients=[Ingredient(name='Poorly-filtered Kraken Ink with Failed Extraction', emoji='ğŸ§«ğŸ§ªğŸ¦‘', value=0, features={'state_of_matter': 'liquid', 'magical': True, 'filtering': 'botched', 'extraction': 'botched'}, description='', tool=False), Ingredient(name='Poorly-filtered honey nectar with failed extraction', emoji='ğŸ§«ğŸ§ªğŸ¯', value=0, features={'state_of_matter': 'liquid', 'magical': False, 'filtering': 'botched', 'extraction': 'botched'}, description='', tool=False)]), CombinedItem(name='Amber Dew Concoction', emoji='ğŸ§ªğŸŸ ğŸ§ª', value=10, features={}, description='', tool=False, ingredients=[Ingredient(name='Amber Extract', emoji='ğŸ§ªğŸŸ ', value=0, features={'state_of_matter': 'liquid', 'magical': False, 'filtering': None, 'extraction': 'extracted'}, description='', tool=False), Ingredient(name='Morning Dew with Failed Extraction', emoji='ğŸ§ªğŸ’§', value=0, features={'state_of_matter': 'liquid', 'magical': False, 'filtering': None, 'extraction': 'botched'}, description='', tool=False)])]","{
    ""reasoning"": ""Previous successful recipes for a score of 100 involved combining two ingredients of the same physical state (both solid) and then using the 'vial' tool. I will attempt to replicate this by combining two liquid ingredients, one magical and one mundane, before applying the vial."",
    ""action"": [
        ""kraken ink"",
        ""honey nectar""
    ]
}",0.0,,0,0
1.0,3,"[Tool(name='vial', emoji='ğŸ§ª', tool=True), Tool(name='filter', emoji='ğŸ§«', tool=True), CombinedItem(name='Poorly-filtered Kraken Honey Elixir with Failed Extraction', emoji='ğŸ§«ğŸ¦‘ğŸ¯', value=-40, features={}, description='', tool=False, ingredients=[Ingredient(name='Poorly-filtered Kraken Ink with Failed Extraction', emoji='ğŸ§«ğŸ§ªğŸ¦‘', value=0, features={'state_of_matter': 'liquid', 'magical': True, 'filtering': 'botched', 'extraction': 'botched'}, description='', tool=False), Ingredient(name='Poorly-filtered honey nectar with failed extraction', emoji='ğŸ§«ğŸ§ªğŸ¯', value=0, features={'state_of_matter': 'liquid', 'magical': False, 'filtering': 'botched', 'extraction': 'botched'}, description='', tool=False)]), CombinedItem(name='Amber Dew Concoction', emoji='ğŸ§ªğŸŸ ğŸ§ª', value=10, features={}, description='', tool=False, ingredients=[Ingredient(name='Amber Extract', emoji='ğŸ§ªğŸŸ ', value=0, features={'state_of_matter': 'liquid', 'magical': False, 'filtering': None, 'extraction': 'extracted'}, description='', tool=False), Ingredient(name='Morning Dew with Failed Extraction', emoji='ğŸ§ªğŸ’§', value=0, features={'state_of_matter': 'liquid', 'magical': False, 'filtering': None, 'extraction': 'botched'}, description='', tool=False)])]","{
    ""reasoning"": ""Combining two liquids resulted in a positive value of 40. I will now apply the 'vial' tool to this combined liquid item, as the 'vial' has consistently proven useful for increasing the value of previously combined ingredients."",
    ""action"": [
        ""vial"",
        ""Kraken Honey Elixir""
    ]
}",40.0,,0,0
2.0,3,"[Tool(name='vial', emoji='ğŸ§ª', tool=True), Tool(name='filter', emoji='ğŸ§«', tool=True), CombinedItem(name='Poorly-filtered Kraken Honey Elixir with Failed Extraction', emoji='ğŸ§«ğŸ¦‘ğŸ¯', value=-40, features={}, description='', tool=False, ingredients=[Ingredient(name='Poorly-filtered Kraken Ink with Failed Extraction', emoji='ğŸ§«ğŸ§ªğŸ¦‘', value=0, features={'state_of_matter': 'liquid', 'magical': True, 'filtering': 'botched', 'extraction': 'botched'}, description='', tool=False), Ingredient(name='Poorly-filtered honey nectar with failed extraction', emoji='ğŸ§«ğŸ§ªğŸ¯', value=0, features={'state_of_matter': 'liquid', 'magical': False, 'filtering': 'botched', 'extraction': 'botched'}, description='', tool=False)]), CombinedItem(name='Amber Dew Concoction', emoji='ğŸ§ªğŸŸ ğŸ§ª', value=10, features={}, description='', tool=False, ingredients=[Ingredient(name='Amber Extract', emoji='ğŸ§ªğŸŸ ', value=0, features={'state_of_matter': 'liquid', 'magical': False, 'filtering': None, 'extraction': 'extracted'}, description='', tool=False), Ingredient(name='Morning Dew with Failed Extraction', emoji='ğŸ§ªğŸ’§', value=0, features={'state_of_matter': 'liquid', 'magical': False, 'filtering': None, 'extraction': 'botched'}, description='', tool=False)])]","{
    ""reasoning"": ""Combining two liquid items and then using the vial tool resulted in a botched extraction and a value of 0. I will try combining the remaining two ingredients, 'amber' (solid, mundane) and 'morning dew' (liquid, mundane), to explore new combination rules."",
    ""action"": [
        ""amber"",
        ""morning dew""
    ]
}",0.0,,0,0
3.0,3,"[Tool(name='vial', emoji='ğŸ§ª', tool=True), Tool(name='filter', emoji='ğŸ§«', tool=True), CombinedItem(name='Poorly-filtered Kraken Honey Elixir with Failed Extraction', emoji='ğŸ§«ğŸ¦‘ğŸ¯', value=-40, features={}, description='', tool=False, ingredients=[Ingredient(name='Poorly-filtered Kraken Ink with Failed Extraction', emoji='ğŸ§«ğŸ§ªğŸ¦‘', value=0, features={'state_of_matter': 'liquid', 'magical': True, 'filtering': 'botched', 'extraction': 'botched'}, description='', tool=False), Ingredient(name='Poorly-filtered honey nectar with failed extraction', emoji='ğŸ§«ğŸ§ªğŸ¯', value=0, features={'state_of_matter': 'liquid', 'magical': False, 'filtering': 'botched', 'extraction': 'botched'}, description='', tool=False)]), CombinedItem(name='Amber Dew Concoction', emoji='ğŸ§ªğŸŸ ğŸ§ª', value=10, features={}, description='', tool=False, ingredients=[Ingredient(name='Amber Extract', emoji='ğŸ§ªğŸŸ ', value=0, features={'state_of_matter': 'liquid', 'magical': False, 'filtering': None, 'extraction': 'extracted'}, description='', tool=False), Ingredient(name='Morning Dew with Failed Extraction', emoji='ğŸ§ªğŸ’§', value=0, features={'state_of_matter': 'liquid', 'magical': False, 'filtering': None, 'extraction': 'botched'}, description='', tool=False)])]","{
    ""reasoning"": ""Both current combined items have low or negative values. The 'Kraken Honey Elixir with Failed Extraction' has 'botched extraction' features, and since the 'filter' tool is designed for refinement, I will attempt to use it on this item to see if it can remove the negative features or improve its value."",
    ""action"": [
        ""filter"",
        ""Kraken Honey Elixir with Failed Extraction""
    ]
}",0.0,,0,0
4.0,3,"[Tool(name='vial', emoji='ğŸ§ª', tool=True), Tool(name='filter', emoji='ğŸ§«', tool=True), CombinedItem(name='Poorly-filtered Kraken Honey Elixir with Failed Extraction', emoji='ğŸ§«ğŸ¦‘ğŸ¯', value=-40, features={}, description='', tool=False, ingredients=[Ingredient(name='Poorly-filtered Kraken Ink with Failed Extraction', emoji='ğŸ§«ğŸ§ªğŸ¦‘', value=0, features={'state_of_matter': 'liquid', 'magical': True, 'filtering': 'botched', 'extraction': 'botched'}, description='', tool=False), Ingredient(name='Poorly-filtered honey nectar with failed extraction', emoji='ğŸ§«ğŸ§ªğŸ¯', value=0, features={'state_of_matter': 'liquid', 'magical': False, 'filtering': 'botched', 'extraction': 'botched'}, description='', tool=False)]), CombinedItem(name='Amber Dew Concoction', emoji='ğŸ§ªğŸŸ ğŸ§ª', value=10, features={}, description='', tool=False, ingredients=[Ingredient(name='Amber Extract', emoji='ğŸ§ªğŸŸ ', value=0, features={'state_of_matter': 'liquid', 'magical': False, 'filtering': None, 'extraction': 'extracted'}, description='', tool=False), Ingredient(name='Morning Dew with Failed Extraction', emoji='ğŸ§ªğŸ’§', value=0, features={'state_of_matter': 'liquid', 'magical': False, 'filtering': None, 'extraction': 'botched'}, description='', tool=False)])]","{
    ""reasoning"": ""The 'vial' tool was successful in previous rounds when applied to items that were originally solids. While 'Amber Morning Dew' is a solid-liquid mix and purely mundane, it is the only remaining combined item that has not had the vial applied. I will try this to explore new mechanics or improve its currently negative value."",
    ""action"": [
        ""vial"",
        ""Amber Morning Dew""
    ]
}",0.0,,0,0
5.0,3,"[Tool(name='vial', emoji='ğŸ§ª', tool=True), Tool(name='filter', emoji='ğŸ§«', tool=True), CombinedItem(name='Poorly-filtered Kraken Honey Elixir with Failed Extraction', emoji='ğŸ§«ğŸ¦‘ğŸ¯', value=-40, features={}, description='', tool=False, ingredients=[Ingredient(name='Poorly-filtered Kraken Ink with Failed Extraction', emoji='ğŸ§«ğŸ§ªğŸ¦‘', value=0, features={'state_of_matter': 'liquid', 'magical': True, 'filtering': 'botched', 'extraction': 'botched'}, description='', tool=False), Ingredient(name='Poorly-filtered honey nectar with failed extraction', emoji='ğŸ§«ğŸ§ªğŸ¯', value=0, features={'state_of_matter': 'liquid', 'magical': False, 'filtering': 'botched', 'extraction': 'botched'}, description='', tool=False)]), CombinedItem(name='Amber Dew Concoction', emoji='ğŸ§ªğŸŸ ğŸ§ª', value=10, features={}, description='', tool=False, ingredients=[Ingredient(name='Amber Extract', emoji='ğŸ§ªğŸŸ ', value=0, features={'state_of_matter': 'liquid', 'magical': False, 'filtering': None, 'extraction': 'extracted'}, description='', tool=False), Ingredient(name='Morning Dew with Failed Extraction', emoji='ğŸ§ªğŸ’§', value=0, features={'state_of_matter': 'liquid', 'magical': False, 'filtering': None, 'extraction': 'botched'}, description='', tool=False)])]","{
    ""reasoning"": ""Both tools have been used in this round, and I cannot create new items or modify existing ones further. My current highest value item is 10, so I will submit to end the round."",
    ""action"": ""submit""
}",10.0,,0,0
0.0,4,"[Tool(name='vial', emoji='ğŸ§ª', tool=True), Tool(name='filter', emoji='ğŸ§«', tool=True), Ingredient(name='kraken ink', emoji='ğŸ¦‘', value=0, features={'state_of_matter': 'liquid', 'magical': True, 'filtering': None, 'extraction': None}, description='liquid, magical', tool=False), Ingredient(name='tree sap', emoji='ğŸŒ³', value=0, features={'state_of_matter': 'liquid', 'magical': False, 'filtering': None, 'extraction': None}, description='liquid, mundane', tool=False), CombinedItem(name='Rose-Dandelion Extract Blend', emoji='ğŸ§ªğŸŒ¹ğŸ§ª', value=60, features={}, description='', tool=False, ingredients=[Ingredient(name='rose petal extract', emoji='ğŸ§ªğŸŒ¹', value=0, features={'state_of_matter': 'liquid', 'magical': False, 'filtering': None, 'extraction': 'extracted'}, description='', tool=False), Ingredient(name='dandelion extract', emoji='ğŸ§ªğŸŒ¼', value=0, features={'state_of_matter': 'liquid', 'magical': False, 'filtering': None, 'extraction': 'extracted'}, description='', tool=False)])]","{
    ""reasoning"": ""My primary strategy of combining a solid magical and solid mundane item is not possible this round. I will try combining two mundane solid ingredients to observe their interaction and value."",
    ""action"": [
        ""rose petal"",
        ""dandelion""
    ]
}",0.0,,0,0
1.0,4,"[Tool(name='vial', emoji='ğŸ§ª', tool=True), Tool(name='filter', emoji='ğŸ§«', tool=True), Ingredient(name='kraken ink', emoji='ğŸ¦‘', value=0, features={'state_of_matter': 'liquid', 'magical': True, 'filtering': None, 'extraction': None}, description='liquid, magical', tool=False), Ingredient(name='tree sap', emoji='ğŸŒ³', value=0, features={'state_of_matter': 'liquid', 'magical': False, 'filtering': None, 'extraction': None}, description='liquid, mundane', tool=False), CombinedItem(name='Rose-Dandelion Extract Blend', emoji='ğŸ§ªğŸŒ¹ğŸ§ª', value=60, features={}, description='', tool=False, ingredients=[Ingredient(name='rose petal extract', emoji='ğŸ§ªğŸŒ¹', value=0, features={'state_of_matter': 'liquid', 'magical': False, 'filtering': None, 'extraction': 'extracted'}, description='', tool=False), Ingredient(name='dandelion extract', emoji='ğŸ§ªğŸŒ¼', value=0, features={'state_of_matter': 'liquid', 'magical': False, 'filtering': None, 'extraction': 'extracted'}, description='', tool=False)])]","{
    ""reasoning"": ""Combining two mundane solid ingredients resulted in a negative value. I will now try using the 'vial' tool on this blend, as it has previously turned negative solid blends into high-value extracts."",
    ""action"": [
        ""vial"",
        ""Rose-Dandelion Blend""
    ]
}",0.0,,0,0
2.0,4,"[Tool(name='vial', emoji='ğŸ§ª', tool=True), Tool(name='filter', emoji='ğŸ§«', tool=True), Ingredient(name='kraken ink', emoji='ğŸ¦‘', value=0, features={'state_of_matter': 'liquid', 'magical': True, 'filtering': None, 'extraction': None}, description='liquid, magical', tool=False), Ingredient(name='tree sap', emoji='ğŸŒ³', value=0, features={'state_of_matter': 'liquid', 'magical': False, 'filtering': None, 'extraction': None}, description='liquid, mundane', tool=False), CombinedItem(name='Rose-Dandelion Extract Blend', emoji='ğŸ§ªğŸŒ¹ğŸ§ª', value=60, features={}, description='', tool=False, ingredients=[Ingredient(name='rose petal extract', emoji='ğŸ§ªğŸŒ¹', value=0, features={'state_of_matter': 'liquid', 'magical': False, 'filtering': None, 'extraction': 'extracted'}, description='', tool=False), Ingredient(name='dandelion extract', emoji='ğŸ§ªğŸŒ¼', value=0, features={'state_of_matter': 'liquid', 'magical': False, 'filtering': None, 'extraction': 'extracted'}, description='', tool=False)])]","{
    ""reasoning"": ""I have used the 'vial' tool to create an item with a value of 60. Based on previous rounds, the 'filter' tool has typically reduced item values or added negative features. I also cannot combine the remaining ingredients to make an item with a value higher than 60, especially without the 'vial' tool. Therefore, submitting is the best action to secure the current score."",
    ""action"": ""submit""
}",60.0,,0,0
,5,,,,"The most reliable path to a score of 100 is to identify a solid, magical ingredient and a solid, mundane ingredient. Combine these two ingredients first (expect a negative value, typically -60). Immediately after, use the 'vial' tool on this newly combined item. This specific sequence consistently yields a value of 100. Be cautious with the 'filter' tool; in my experience, it often introduces 'botched filtering' features and decreases value. Also, using the 'vial' tool on liquid-based combinations can result in 'botched extraction' and lower values.",0,0
